QW_SEQ,CEN,SULFATE
5137,FALSE,0.09
4577,FALSE,0.126
4573,TRUE,0.18
4589,FALSE,0.196
4583,FALSE,0.197
3767,FALSE,0.2
2839,FALSE,0.2055684
3531,FALSE,0.21
3536,FALSE,0.21
3542,FALSE,0.21
5128,FALSE,0.21
3999,FALSE,0.213
3490,FALSE,0.222
4778,FALSE,0.227
3492,FALSE,0.229
3533,FALSE,0.23
3541,FALSE,0.23
5126,FALSE,0.23
4585,FALSE,0.232
3480,FALSE,0.235
3491,FALSE,0.237
3493,FALSE,0.237
3494,FALSE,0.238
3535,FALSE,0.24
3537,FALSE,0.24
3538,FALSE,0.24
3501,FALSE,0.241
3497,FALSE,0.242
3502,FALSE,0.245
3543,FALSE,0.245
3496,FALSE,0.248
3483,FALSE,0.25
3534,FALSE,0.25
4779,FALSE,0.25
3479,FALSE,0.257
3482,FALSE,0.26
3540,FALSE,0.26
4781,FALSE,0.26
4782,FALSE,0.26
3481,FALSE,0.261
3500,FALSE,0.263
3487,FALSE,0.264
3505,FALSE,0.265
3504,FALSE,0.266
3489,FALSE,0.268
3495,FALSE,0.269
3539,FALSE,0.27
3499,FALSE,0.275
3484,FALSE,0.276
4942,FALSE,0.277
3503,FALSE,0.278
4780,FALSE,0.28
3485,FALSE,0.282
3498,FALSE,0.283
3488,FALSE,0.287
3486,FALSE,0.293
4777,FALSE,0.295
3176,TRUE,0.3
3427,FALSE,0.32
2923,FALSE,0.35
4018,FALSE,0.35
4556,FALSE,0.353
4541,FALSE,0.36
3339,FALSE,0.37
3532,FALSE,0.37
3884,FALSE,0.377
3991,FALSE,0.398
4492,FALSE,0.4
3879,FALSE,0.401
3998,FALSE,0.407
3886,FALSE,0.409
4559,FALSE,0.413
3327,FALSE,0.43
3883,FALSE,0.439
4558,FALSE,0.442
4590,FALSE,0.444
4195,FALSE,0.454
4003,FALSE,0.456
4518,FALSE,0.463
4202,FALSE,0.464
4564,FALSE,0.466
4489,FALSE,0.47
5141,FALSE,0.47
4536,FALSE,0.482
4501,FALSE,0.49
4475,FALSE,0.493
3192,FALSE,0.5
4386,FALSE,0.5
4477,FALSE,0.503
4533,FALSE,0.509
4491,FALSE,0.51
4473,FALSE,0.514
4557,FALSE,0.519
3328,FALSE,0.52
4500,FALSE,0.52
4540,FALSE,0.52
4526,FALSE,0.522
3990,FALSE,0.533
4582,FALSE,0.537
4486,FALSE,0.55
4668,FALSE,0.55
4194,FALSE,0.551
4524,FALSE,0.555
4499,FALSE,0.56
4197,FALSE,0.579
4576,FALSE,0.589
4387,FALSE,0.6
4543,FALSE,0.601
4488,FALSE,0.62
4511,FALSE,0.62
4201,FALSE,0.631
4019,FALSE,0.635
4527,FALSE,0.639
4198,FALSE,0.639
4596,FALSE,0.641
4534,FALSE,0.647
4537,FALSE,0.651
4196,FALSE,0.651
4555,FALSE,0.663
4068,FALSE,0.675
4592,FALSE,0.683
4530,FALSE,0.684
4539,FALSE,0.688
4490,FALSE,0.69
4000,FALSE,0.696
4510,FALSE,0.7
4594,FALSE,0.706
4516,FALSE,0.71
4200,FALSE,0.715
4575,FALSE,0.717
4519,FALSE,0.72
3887,FALSE,0.722
3994,FALSE,0.726
4544,FALSE,0.728
4525,FALSE,0.731
4553,FALSE,0.733
4579,FALSE,0.737
3329,FALSE,0.74
3882,FALSE,0.741
3885,FALSE,0.745
3880,FALSE,0.746
3330,FALSE,0.76
4521,FALSE,0.766
3997,FALSE,0.777
4017,FALSE,0.778
3731,FALSE,0.8
3878,FALSE,0.808
4498,FALSE,0.81
3889,FALSE,0.812
4515,FALSE,0.83
4563,FALSE,0.838
4584,FALSE,0.849
4216,FALSE,0.861
4571,FALSE,0.863
4199,FALSE,0.869
5139,FALSE,0.87
3336,FALSE,0.88
4554,FALSE,0.88
4508,FALSE,0.89
3404,FALSE,0.91
4497,FALSE,0.91
5208,FALSE,0.93
5240,FALSE,0.93
4480,FALSE,0.939
4581,FALSE,0.948
4512,FALSE,0.96
3572,FALSE,0.971
3566,FALSE,0.975
3301,FALSE,1
4493,FALSE,1
4355,FALSE,1
5133,FALSE,1.01
5214,FALSE,1.02
4160,FALSE,1.023
4552,FALSE,1.025
3881,FALSE,1.032
3888,FALSE,1.042
4069,FALSE,1.059
4193,FALSE,1.071
3571,FALSE,1.073
4010,FALSE,1.09
4513,FALSE,1.09
5135,FALSE,1.09
3569,FALSE,1.091
4520,FALSE,1.091
3429,FALSE,1.1
5299,FALSE,1.1
4729,FALSE,1.106
4601,FALSE,1.111
4535,FALSE,1.121
3570,FALSE,1.125
3410,FALSE,1.13
2738,FALSE,1.13912751
4007,FALSE,1.149
3568,FALSE,1.167
3026,FALSE,1.17
4588,FALSE,1.18
4495,FALSE,1.1809269
4572,FALSE,1.198
3992,FALSE,1.199
4363,FALSE,1.2
4479,FALSE,1.202
4551,FALSE,1.203
4712,FALSE,1.207
4713,FALSE,1.207
4485,FALSE,1.21
4004,FALSE,1.234
4514,FALSE,1.25
4472,FALSE,1.254
4002,FALSE,1.257
4522,FALSE,1.259
4586,FALSE,1.26
5117,FALSE,1.28
3717,FALSE,1.3
4587,FALSE,1.304
4507,FALSE,1.31
4529,FALSE,1.315
3553,FALSE,1.32
5034,FALSE,1.32
4598,FALSE,1.338
4686,FALSE,1.347
3039,FALSE,1.35
5203,FALSE,1.35
3551,FALSE,1.36
4481,FALSE,1.366
5306,FALSE,1.37
2760,FALSE,1.37730828
3576,FALSE,1.378
4150,FALSE,1.379
4471,FALSE,1.389
5036,FALSE,1.39
5109,FALSE,1.39
3734,FALSE,1.4
3745,FALSE,1.4
3746,FALSE,1.4
3348,FALSE,1.41
5201,FALSE,1.41
3022,FALSE,1.42
4016,FALSE,1.427
3573,FALSE,1.448
3996,FALSE,1.455
5129,FALSE,1.46
5199,FALSE,1.46
5263,FALSE,1.46
4528,FALSE,1.498
2994,FALSE,1.5
5105,FALSE,1.5
4542,FALSE,1.508
4494,FALSE,1.51
2965,FALSE,1.52
4509,FALSE,1.52
4574,FALSE,1.534
2991,FALSE,1.54
4483,FALSE,1.54
4550,FALSE,1.568
4752,FALSE,1.576
3027,FALSE,1.58
4484,FALSE,1.59
4688,FALSE,1.6
5102,FALSE,1.6
5275,FALSE,1.6
4517,FALSE,1.62
5188,FALSE,1.63
2973,FALSE,1.64
4769,FALSE,1.64
5202,FALSE,1.64
4523,FALSE,1.646
2996,FALSE,1.66
3415,FALSE,1.66
4482,FALSE,1.68
5140,FALSE,1.68
5242,FALSE,1.68
3346,FALSE,1.69
3356,FALSE,1.69
5033,FALSE,1.69
4478,FALSE,1.696
4645,FALSE,1.7
5159,FALSE,1.7
2926,FALSE,1.73
4067,FALSE,1.73
5206,FALSE,1.73
2745,FALSE,1.73460345
4005,FALSE,1.744
3337,FALSE,1.75
4578,FALSE,1.753
3574,FALSE,1.754
2747,FALSE,1.75861845
4545,FALSE,1.765
4548,FALSE,1.765
4754,FALSE,1.77
5134,FALSE,1.77
2749,FALSE,1.77792651
4219,FALSE,1.78
2765,FALSE,1.79905971
3438,FALSE,1.8
5151,FALSE,1.8
3552,FALSE,1.82
4549,FALSE,1.823
2774,FALSE,1.83407358
3545,FALSE,1.85
3025,FALSE,1.86
5039,FALSE,1.87
4547,FALSE,1.873
5103,FALSE,1.88
2748,FALSE,1.88753097
4496,FALSE,1.89
3549,FALSE,1.9
4218,FALSE,1.9
5095,FALSE,1.9
4795,FALSE,1.905
4728,FALSE,1.913
3399,FALSE,1.92
4538,FALSE,1.927
4738,FALSE,1.93
3995,FALSE,1.939
2767,FALSE,1.93911519
4562,FALSE,1.94
2995,FALSE,1.95
4609,FALSE,1.959
2778,FALSE,1.95923976
5265,FALSE,1.96
2754,FALSE,1.96529154
5227,FALSE,1.97
2752,FALSE,1.97384088
2725,FALSE,1.97422512
2775,FALSE,1.98042099
4008,FALSE,1.986
3178,FALSE,2
4353,FALSE,2
5163,FALSE,2
4065,FALSE,2.005
4580,FALSE,2.028
4546,FALSE,2.031
4944,FALSE,2.04646224
4015,FALSE,2.062
2755,FALSE,2.06284047
4665,FALSE,2.08
5261,FALSE,2.08
4217,FALSE,2.087
4506,FALSE,2.09
3575,FALSE,2.093
4409,FALSE,2.1
5298,FALSE,2.1
5156,FALSE,2.1
5160,FALSE,2.1
5290,FALSE,2.1
4611,FALSE,2.103
4792,FALSE,2.12
4747,FALSE,2.143
4560,FALSE,2.155
3561,FALSE,2.17
5138,FALSE,2.17
3384,FALSE,2.19
3919,FALSE,2.19
5251,FALSE,2.19
4656,FALSE,2.22
3920,FALSE,2.23
4220,FALSE,2.236
3338,FALSE,2.25
4695,FALSE,2.25
4226,FALSE,2.276
3444,FALSE,2.3
4379,FALSE,2.3
5247,FALSE,2.3
4225,FALSE,2.314
4735,FALSE,2.322
3044,FALSE,2.33
2819,FALSE,2.33017545
3287,FALSE,2.34
4567,FALSE,2.347
4001,FALSE,2.348
3918,FALSE,2.35
4852,FALSE,2.357
4504,FALSE,2.36
3530,FALSE,2.367
2863,FALSE,2.36792703
4832,FALSE,2.371
4060,FALSE,2.374
2753,FALSE,2.37902196
4221,FALSE,2.383
4561,FALSE,2.386
2801,FALSE,2.3938152
4651,FALSE,2.397
2763,FALSE,2.39929062
4924,FALSE,2.4
5157,FALSE,2.4
2764,FALSE,2.40510225
4565,FALSE,2.406
2761,FALSE,2.41999155
4158,FALSE,2.464
4597,FALSE,2.482
3547,FALSE,2.5
5098,FALSE,2.5
2771,FALSE,2.50221891
2757,FALSE,2.54381289
2742,FALSE,2.54597424
2857,FALSE,2.55726129
4737,FALSE,2.57
5041,FALSE,2.58
2780,FALSE,2.5806519
3556,FALSE,2.59
4687,FALSE,2.6
5189,FALSE,2.6
4790,FALSE,2.60951793
3546,FALSE,2.61
3554,FALSE,2.61
5186,FALSE,2.62
3815,FALSE,2.622
4231,FALSE,2.622
2769,FALSE,2.63218809
2756,FALSE,2.63406126
2751,FALSE,2.64592467
3829,FALSE,2.658
3371,FALSE,2.66
4724,FALSE,2.682
3813,FALSE,2.69
5194,FALSE,2.69
3816,FALSE,2.693
3814,FALSE,2.698
3557,FALSE,2.7
4634,FALSE,2.7
5284,FALSE,2.7
2766,FALSE,2.70365673
4741,FALSE,2.704
2740,FALSE,2.70653853
5200,FALSE,2.71
4670,FALSE,2.716
4232,FALSE,2.726
4155,FALSE,2.728
2862,FALSE,2.74169649
3013,FALSE,2.75
2860,FALSE,2.76816102
5192,FALSE,2.77
4566,FALSE,2.777
4831,FALSE,2.799
4022,FALSE,2.802
4064,FALSE,2.816
2831,FALSE,2.83160865
3381,FALSE,2.85
5193,FALSE,2.85
2858,FALSE,2.85533547
3742,FALSE,2.86
3559,FALSE,2.87
5222,FALSE,2.88
4021,FALSE,2.881
4708,FALSE,2.882
3817,FALSE,2.893
3812,FALSE,2.898
4393,FALSE,2.9
4932,FALSE,2.9
5300,FALSE,2.9
4600,FALSE,2.901
3562,FALSE,2.91
5255,FALSE,2.91
3795,FALSE,2.921
3797,FALSE,2.927
2758,FALSE,2.93713056
4672,FALSE,2.939
2976,FALSE,2.94
5106,FALSE,2.94
5264,FALSE,2.94
2733,FALSE,2.94097296
3818,FALSE,2.944
2786,FALSE,2.94697671
3836,FALSE,2.948
5037,FALSE,2.95
3794,FALSE,2.959
4170,FALSE,2.97
5023,FALSE,2.97
4755,FALSE,2.98
4345,FALSE,3
4638,FALSE,3
4469,FALSE,3.01
4023,FALSE,3.011
4470,FALSE,3.017
3750,FALSE,3.03
4503,FALSE,3.03
4505,FALSE,3.04
2770,FALSE,3.04630275
4166,FALSE,3.064
3850,FALSE,3.086
3730,FALSE,3.09
4704,FALSE,3.092
2750,FALSE,3.09702243
4905,FALSE,3.1
5097,FALSE,3.1
3846,FALSE,3.108
3793,FALSE,3.119
2743,FALSE,3.13376538
4791,FALSE,3.14
4215,FALSE,3.145
4167,FALSE,3.156
3807,FALSE,3.158
3555,FALSE,3.17
2736,FALSE,3.17838525
2861,FALSE,3.19740513
4058,FALSE,3.199
4337,FALSE,3.2
4910,FALSE,3.2
4631,FALSE,3.2
4639,FALSE,3.2
4793,FALSE,3.2
5100,FALSE,3.2
3780,FALSE,3.203
3347,FALSE,3.22
5213,FALSE,3.22
2772,FALSE,3.22324527
4152,FALSE,3.224
3849,FALSE,3.227
4946,FALSE,3.2381826
2737,FALSE,3.23827866
3738,FALSE,3.24
2741,FALSE,3.24452256
3558,FALSE,3.25
2866,FALSE,3.25427265
5162,FALSE,3.26
2800,FALSE,3.2655597
3014,FALSE,3.28
5104,FALSE,3.3
4140,FALSE,3.309
3011,FALSE,3.33
3938,FALSE,3.332
3808,FALSE,3.336
2802,FALSE,3.33976605
3834,FALSE,3.343
3835,FALSE,3.344
2856,FALSE,3.35993865
4213,FALSE,3.372
4054,FALSE,3.374
4144,FALSE,3.38
3839,FALSE,3.388
2806,FALSE,3.38942907
4214,FALSE,3.398
4335,FALSE,3.4
2790,FALSE,3.40206096
3789,FALSE,3.403
2762,FALSE,3.41094651
3811,FALSE,3.42
2759,FALSE,3.42766095
3809,FALSE,3.429
2777,FALSE,3.43087896
3843,FALSE,3.433
2776,FALSE,3.43726695
2798,FALSE,3.44528796
3798,FALSE,3.458
2977,FALSE,3.46
3792,FALSE,3.465
4047,FALSE,3.478
2785,FALSE,3.48760239
2865,FALSE,3.48813072
3890,FALSE,3.49
3859,FALSE,3.5
3916,FALSE,3.5
4230,FALSE,3.508
4183,FALSE,3.51
3786,FALSE,3.512
4945,FALSE,3.51219375
3012,FALSE,3.52
3917,FALSE,3.53
3550,FALSE,3.54
3841,FALSE,3.557
4227,FALSE,3.557
4165,FALSE,3.563
3854,FALSE,3.567
2744,FALSE,3.59970441
5059,FALSE,3.599998474
3749,FALSE,3.6
4171,FALSE,3.6
3810,FALSE,3.601
2811,FALSE,3.60210591
4736,FALSE,3.609
4055,FALSE,3.614
2715,FALSE,3.61819596
5083,FALSE,3.62
4162,FALSE,3.624
4088,FALSE,3.663
2838,FALSE,3.66857943
3858,FALSE,3.67
3921,FALSE,3.67
3845,FALSE,3.673
3791,FALSE,3.688
3751,FALSE,3.7
3925,FALSE,3.7
3926,FALSE,3.7
5094,FALSE,3.7
5187,FALSE,3.7
2792,FALSE,3.70186422
3827,FALSE,3.702
4149,FALSE,3.707
5136,FALSE,3.71
2837,FALSE,3.71665746
2810,FALSE,3.7199235
2827,FALSE,3.72179667
3345,FALSE,3.74
3840,FALSE,3.74
2816,FALSE,3.75061467
3805,FALSE,3.753
2833,FALSE,3.76291035
2795,FALSE,3.76953849
4053,FALSE,3.776
2804,FALSE,3.77991297
4841,FALSE,3.786
2828,FALSE,3.79931709
4632,FALSE,3.8
5274,FALSE,3.8
3842,FALSE,3.803
4026,FALSE,3.809
5221,FALSE,3.82
4731,FALSE,3.831
4693,FALSE,3.848
4222,FALSE,3.852
3548,FALSE,3.86
4148,FALSE,3.871
4187,FALSE,3.873
3831,FALSE,3.874
4947,FALSE,3.87779811
4794,FALSE,3.89
4061,FALSE,3.897
4365,FALSE,3.9
5158,FALSE,3.9
4125,FALSE,3.908
3785,FALSE,3.909
3563,FALSE,3.92
5101,FALSE,3.92
2815,FALSE,3.9259722
2814,FALSE,3.93586638
2836,FALSE,3.93625062
3828,FALSE,3.938
4104,FALSE,3.943
2791,FALSE,3.9600735
2787,FALSE,3.981687
4030,FALSE,3.984
4063,FALSE,3.987
2805,FALSE,3.99278193
5301,FALSE,4
4168,FALSE,4.004
2781,FALSE,4.00675866
3803,FALSE,4.007
3838,FALSE,4.009
4009,FALSE,4.011
5142,FALSE,4.02
4212,FALSE,4.024
2821,FALSE,4.0282761
5020,FALSE,4.03
3462,FALSE,4.04
4606,FALSE,4.049
2835,FALSE,4.06343406
5081,FALSE,4.07
4680,FALSE,4.075
2729,FALSE,4.09374099
3180,FALSE,4.1
4186,FALSE,4.1
4356,FALSE,4.1
4006,FALSE,4.127
3806,FALSE,4.128
2812,FALSE,4.15166517
2822,FALSE,4.15680438
5195,FALSE,4.16
5253,FALSE,4.16
4948,FALSE,4.16098299
4839,FALSE,4.188
5143,FALSE,4.2
4048,FALSE,4.204
2788,FALSE,4.20766815
2803,FALSE,4.2223173
4059,FALSE,4.234
2799,FALSE,4.24652442
4950,FALSE,4.25982873
3463,FALSE,4.27
3915,FALSE,4.28
2813,FALSE,4.29119232
4380,FALSE,4.3
2739,FALSE,4.33206585
4013,FALSE,4.334
2864,FALSE,4.35939492
4115,FALSE,4.376
2820,FALSE,4.37658966
4343,FALSE,4.4
4756,FALSE,4.4
2779,FALSE,4.41703092
4117,FALSE,4.42
4849,FALSE,4.421
3513,FALSE,4.43
5125,FALSE,4.45
3927,FALSE,4.47
2724,FALSE,4.47269769
2730,FALSE,4.47860538
2854,FALSE,4.47971007
5283,FALSE,4.5
4102,FALSE,4.501
4027,FALSE,4.505
4185,FALSE,4.521
2848,FALSE,4.53220686
2789,FALSE,4.55535732
4128,FALSE,4.561
2784,FALSE,4.57312842
4951,FALSE,4.58230215
3781,FALSE,4.583
2782,FALSE,4.59258057
4188,FALSE,4.593
4378,FALSE,4.6
5048,FALSE,4.6
5082,FALSE,4.6
4937,FALSE,4.62
2844,FALSE,4.62183084
2727,FALSE,4.62970776
4837,FALSE,4.633
2728,FALSE,4.65655653
5216,FALSE,4.68
2783,FALSE,4.68417378
3663,FALSE,4.69
2853,FALSE,4.69834263
4354,FALSE,4.7
4928,FALSE,4.7
5190,FALSE,4.7
3802,FALSE,4.704
4229,FALSE,4.717
5127,FALSE,4.72
2843,FALSE,4.73691072
4223,FALSE,4.763
3804,FALSE,4.767
4043,FALSE,4.785
2731,FALSE,4.78575723
3174,FALSE,4.8
2845,FALSE,4.8039606
3830,FALSE,4.816
4210,FALSE,4.838
4211,FALSE,4.84
2817,FALSE,4.85184651
2717,FALSE,4.87634181
4726,FALSE,4.88
5248,FALSE,4.88
3173,FALSE,4.9
3740,FALSE,4.9
5179,FALSE,4.9
4846,FALSE,4.903
3616,FALSE,4.92
3837,FALSE,4.924
2847,FALSE,4.9331613
3939,FALSE,4.937
3954,FALSE,4.939
4172,FALSE,4.94
4086,FALSE,4.947
5108,FALSE,4.96
3801,FALSE,4.978
5223,FALSE,4.98
5168,FALSE,5
2846,FALSE,5.00097966
2859,FALSE,5.00611887
3783,FALSE,5.028
2714,FALSE,5.03229522
4659,FALSE,5.039
3988,FALSE,5.04
5093,FALSE,5.04
2826,FALSE,5.05213161
2825,FALSE,5.05506144
3741,FALSE,5.06
4107,FALSE,5.063
4669,FALSE,5.066
3957,FALSE,5.092
4730,FALSE,5.092
3441,FALSE,5.1
2721,FALSE,5.10189069
4943,FALSE,5.11010382
2851,FALSE,5.11370607
4954,FALSE,5.12
3847,FALSE,5.176
4108,FALSE,5.199
4930,FALSE,5.2
4182,FALSE,5.21
3308,FALSE,5.22
4181,FALSE,5.23
2773,FALSE,5.23762347
4647,FALSE,5.241
4927,FALSE,5.3
5164,FALSE,5.3
3961,FALSE,5.313
4012,FALSE,5.319
3931,FALSE,5.325
3799,FALSE,5.335
3661,FALSE,5.34
5096,FALSE,5.37
5233,FALSE,5.37
2726,FALSE,5.38435512
4908,FALSE,5.4
4753,FALSE,5.4
2796,FALSE,5.44650594
3934,FALSE,5.447
2850,FALSE,5.49876258
4352,FALSE,5.5
4689,FALSE,5.5
5296,FALSE,5.5
3936,FALSE,5.501
4131,FALSE,5.516
5088,FALSE,5.52
4184,FALSE,5.537
2716,FALSE,5.55635055
3475,FALSE,5.57
5089,FALSE,5.6
5295,FALSE,5.6
2732,FALSE,5.61009612
3473,FALSE,5.63
3908,FALSE,5.66
2809,FALSE,5.66292912
4126,FALSE,5.673
2849,FALSE,5.67311148
3743,FALSE,5.69
4364,FALSE,5.7
3937,FALSE,5.743
3686,FALSE,5.75
5219,FALSE,5.78
3641,FALSE,5.81
5229,FALSE,5.81
4087,FALSE,5.811
3855,FALSE,5.83
3856,FALSE,5.83
5084,FALSE,5.83
4653,FALSE,5.851
3933,FALSE,5.853
2720,FALSE,5.85365625
4920,FALSE,5.9
5099,FALSE,5.9
4100,FALSE,5.904
3943,FALSE,5.943
3891,FALSE,5.96
4175,FALSE,5.97
3458,FALSE,6
3913,FALSE,6.03
5171,FALSE,6.05
2722,FALSE,6.05490195
2840,FALSE,6.06662127
3640,FALSE,6.08
3459,FALSE,6.08
3768,FALSE,6.1
4394,FALSE,6.1
5309,FALSE,6.1
4119,FALSE,6.134
3862,FALSE,6.168
3844,FALSE,6.189
4934,FALSE,6.2
4676,FALSE,6.2
5311,FALSE,6.2
3964,FALSE,6.254
2723,FALSE,6.25979793
3684,FALSE,6.26
3962,FALSE,6.26
4169,FALSE,6.28
3951,FALSE,6.284
3506,FALSE,6.29
5130,FALSE,6.29
5150,FALSE,6.3
3643,FALSE,6.316
2719,FALSE,6.33558927
4684,FALSE,6.344
3960,FALSE,6.351
3901,FALSE,6.3526555
3564,FALSE,6.36
3923,FALSE,6.36
4137,FALSE,6.366
2842,FALSE,6.37276449
4233,FALSE,6.38
2734,FALSE,6.40340763
5144,FALSE,6.43
3460,FALSE,6.44
4174,FALSE,6.45
3860,FALSE,6.46
3902,FALSE,6.47
3952,FALSE,6.473
3733,FALSE,6.5
4094,FALSE,6.5
5092,FALSE,6.5
5228,FALSE,6.5
4095,FALSE,6.508
3985,FALSE,6.522
3560,FALSE,6.55
4958,FALSE,6.55
3986,FALSE,6.572
4090,FALSE,6.578
3928,FALSE,6.58
2855,FALSE,6.59629611
4209,FALSE,6.599
4180,FALSE,6.6
4646,FALSE,6.6
4949,FALSE,6.66262554
2768,FALSE,6.67885968
3987,FALSE,6.692
5307,FALSE,6.7
3544,FALSE,6.73
5241,FALSE,6.73
3642,FALSE,6.74
3861,FALSE,6.764
3654,FALSE,6.79
4347,FALSE,6.8
5131,FALSE,6.82
3660,FALSE,6.83
2808,FALSE,6.83505324
4127,FALSE,6.853
3924,FALSE,6.91
3466,FALSE,6.915
5087,FALSE,6.95
5215,FALSE,6.98
3636,FALSE,6.99
5204,FALSE,6.99
3461,FALSE,7
4351,FALSE,7
5184,FALSE,7
5175,FALSE,7.02
4718,FALSE,7.026
3467,FALSE,7.037
3639,FALSE,7.04
5091,FALSE,7.04
4121,FALSE,7.056
3464,FALSE,7.07
4784,FALSE,7.08
3185,FALSE,7.1
4341,FALSE,7.1
4358,FALSE,7.1
5182,FALSE,7.1
4092,FALSE,7.128
3476,FALSE,7.13
4033,FALSE,7.14
3519,FALSE,7.16
3947,FALSE,7.165
3638,FALSE,7.18
3900,FALSE,7.18
4787,FALSE,7.18
5057,FALSE,7.199996948
5308,FALSE,7.2
5181,FALSE,7.2
3744,FALSE,7.224
3897,FALSE,7.24
3477,FALSE,7.27
5169,FALSE,7.3
3518,FALSE,7.31
3914,FALSE,7.31
4228,FALSE,7.337
3662,FALSE,7.34
4442,FALSE,7.35
4955,FALSE,7.36
2735,FALSE,7.38691794
3683,FALSE,7.39
4177,FALSE,7.41
3632,FALSE,7.42
3644,FALSE,7.432
3645,FALSE,7.44
3984,FALSE,7.443
3848,FALSE,7.461
4835,FALSE,7.5
4066,FALSE,7.514
3521,FALSE,7.57
3735,FALSE,7.6
4339,FALSE,7.6
4234,FALSE,7.61
3517,FALSE,7.66
2834,FALSE,7.71563526
3665,FALSE,7.73
3509,FALSE,7.73
3567,FALSE,7.73
2852,FALSE,7.73215758
4151,FALSE,7.774
3631,FALSE,7.79
4342,FALSE,7.8
4922,FALSE,7.8
4642,FALSE,7.8
5161,FALSE,7.8
5210,FALSE,7.8
3507,FALSE,7.82
3674,FALSE,7.84
3904,FALSE,7.8450178
4161,FALSE,7.847
3565,FALSE,7.86
5270,FALSE,7.9
5280,FALSE,7.9
3516,FALSE,7.94
3520,FALSE,7.94
5293,FALSE,7.94
4097,FALSE,7.956
3907,FALSE,7.96
4957,FALSE,7.96
3659,FALSE,7.97
3732,FALSE,8
3906,FALSE,8.01
3689,FALSE,8.049
4098,FALSE,8.05
3690,FALSE,8.057
3664,FALSE,8.06
4785,FALSE,8.06
3653,FALSE,8.07
3977,FALSE,8.096
5060,FALSE,8.099998474
3515,FALSE,8.1
3693,FALSE,8.112
4178,FALSE,8.14
3899,FALSE,8.15
3465,FALSE,8.19
3468,FALSE,8.2
5145,FALSE,8.2
3673,FALSE,8.21
3944,FALSE,8.216
4720,FALSE,8.239
4173,FALSE,8.26
3667,FALSE,8.3
4373,FALSE,8.3
4915,FALSE,8.3
5178,FALSE,8.3
4129,FALSE,8.311
3478,FALSE,8.32
3687,FALSE,8.36
3666,FALSE,8.39
4912,FALSE,8.4
5267,FALSE,8.4
3694,FALSE,8.404
3685,FALSE,8.42
3688,FALSE,8.441
4654,FALSE,8.448
3692,FALSE,8.471
3681,FALSE,8.49
4346,FALSE,8.5
4921,FALSE,8.5
3672,FALSE,8.52
3676,FALSE,8.52
3511,FALSE,8.57
3469,FALSE,8.58
4020,FALSE,8.594
5058,FALSE,8.599998474
3736,FALSE,8.6
4904,FALSE,8.6
5271,FALSE,8.6
3508,FALSE,8.61
3633,FALSE,8.61
3695,FALSE,8.634
4136,FALSE,8.664
3471,FALSE,8.69
3668,FALSE,8.7
4111,FALSE,8.706
3457,FALSE,8.72
3909,FALSE,8.74
4452,FALSE,8.74
3472,FALSE,8.76
4698,FALSE,8.8
3677,FALSE,8.81
5173,FALSE,8.84
4603,FALSE,8.846
4959,FALSE,8.855
3675,FALSE,8.87
4907,FALSE,8.9
4856,FALSE,8.9
3514,FALSE,8.93
4979,FALSE,8.94
4240,FALSE,8.95
3657,FALSE,8.98
3656,FALSE,9.01
3697,FALSE,9.014
3864,FALSE,9.062
3691,FALSE,9.076
5061,FALSE,9.099998474
3630,FALSE,9.14
4338,FALSE,9.2
4348,FALSE,9.2
4349,FALSE,9.2
4350,FALSE,9.2
4906,FALSE,9.2
4935,FALSE,9.2
4062,FALSE,9.214
3682,FALSE,9.22
3929,FALSE,9.23
3658,FALSE,9.24
3650,FALSE,9.258
3930,FALSE,9.282
3765,FALSE,9.3
5252,FALSE,9.3
3456,FALSE,9.34
3655,FALSE,9.38
4750,FALSE,9.414
3680,FALSE,9.42
3678,FALSE,9.47
5165,FALSE,9.5
4786,FALSE,9.54
3470,FALSE,9.56
3905,FALSE,9.57
3637,FALSE,9.61
3670,FALSE,9.64
3903,FALSE,9.64
3979,FALSE,9.641
4179,FALSE,9.71
3635,FALSE,9.74
4956,FALSE,9.75
3669,FALSE,9.76
4130,FALSE,9.809
4714,FALSE,9.815
3696,FALSE,9.882
2841,FALSE,9.89787831
3775,FALSE,9.9
5191,FALSE,9.95
4407,FALSE,10
5268,FALSE,10
5269,FALSE,10
4406,FALSE,10.1
3857,FALSE,10.14
3720,FALSE,10.2
4309,FALSE,10.2
4405,FALSE,10.2
4085,FALSE,10.23
4783,FALSE,10.29
3634,FALSE,10.3
3671,FALSE,10.37
4774,FALSE,10.4
5205,FALSE,10.5
3601,FALSE,10.6
3622,FALSE,10.65
3966,FALSE,10.665
5183,FALSE,10.7
5234,FALSE,10.73
3679,FALSE,10.77
3867,FALSE,10.78
4208,FALSE,10.799
5291,FALSE,10.8
3971,FALSE,10.859
5276,FALSE,10.9
4113,FALSE,10.966
3425,FALSE,11
3778,FALSE,11
4863,FALSE,11.1
2746,FALSE,11.10861855
4898,FALSE,11.2
5197,FALSE,11.21
4663,FALSE,11.216
3602,FALSE,11.228
3510,FALSE,11.26
4661,FALSE,11.279
3652,FALSE,11.341
5132,FALSE,11.41
3651,FALSE,11.426
5211,FALSE,11.46
5078,FALSE,11.5
5254,FALSE,11.52
3941,FALSE,11.555
4897,FALSE,11.6
3512,FALSE,11.61
3424,FALSE,11.7
4445,FALSE,11.7
4923,FALSE,11.7
3607,FALSE,11.717
3873,FALSE,11.754
4751,FALSE,11.886
4336,FALSE,11.9
3615,FALSE,11.91
4797,FALSE,11.92
3974,FALSE,11.946
3981,FALSE,11.965
4275,FALSE,12
3863,FALSE,12.056
5209,FALSE,12.07
5123,FALSE,12.09
4858,FALSE,12.1
5086,FALSE,12.1
4455,FALSE,12.2
5085,FALSE,12.214
5177,FALSE,12.24
5170,FALSE,12.27
5250,FALSE,12.33
4830,FALSE,12.4
5220,FALSE,12.4
4709,FALSE,12.414
3970,FALSE,12.487
3975,FALSE,12.578
2887,FALSE,12.6
4847,FALSE,12.661
3865,FALSE,12.679
3866,FALSE,12.715
3587,FALSE,12.77
4635,FALSE,12.8
5282,FALSE,12.8
2895,FALSE,13
4411,FALSE,13.2
3872,FALSE,13.292
4371,FALSE,13.3
5239,FALSE,13.3
4655,FALSE,13.378
3982,FALSE,13.454
5174,FALSE,13.58
3910,FALSE,13.59
3437,FALSE,13.7
4224,FALSE,13.713
4176,FALSE,13.78
3874,FALSE,13.787
5198,FALSE,13.88
4276,FALSE,13.9
4800,FALSE,13.978
3776,FALSE,14
4465,FALSE,14.2
4368,FALSE,14.3
3875,FALSE,14.365
3599,FALSE,14.5
5172,FALSE,14.51
4636,FALSE,14.6
5080,FALSE,14.6
4392,FALSE,14.7
4366,FALSE,14.8
5256,FALSE,14.94
3779,FALSE,15
5259,FALSE,15.01
3737,FALSE,15.2
4360,FALSE,15.2
4367,FALSE,15.2
4696,FALSE,15.209
3718,FALSE,15.3
3719,FALSE,15.3
3608,FALSE,15.301
2718,FALSE,15.31119552
4076,FALSE,15.318
4829,FALSE,15.52
5277,FALSE,15.6
4362,FALSE,15.7
5196,FALSE,15.8
3868,FALSE,15.888
5166,FALSE,16
5272,FALSE,16
3578,FALSE,16.01
4843,FALSE,16.115
5249,FALSE,16.16
3589,FALSE,16.18
4295,FALSE,16.2
4926,FALSE,16.2
4633,FALSE,16.2
4941,FALSE,16.255
5217,FALSE,16.36
3606,FALSE,16.37
4376,FALSE,16.4
4801,FALSE,16.562
3603,FALSE,16.656
3594,FALSE,16.87
4614,FALSE,16.876
4625,FALSE,16.9
3773,FALSE,17
5073,FALSE,17
3580,FALSE,17.05
4627,FALSE,17.1
4819,FALSE,17.2
4403,FALSE,17.4
3588,FALSE,17.43
4796,FALSE,17.5
5072,FALSE,17.5
3619,FALSE,17.52
3577,FALSE,17.63
5235,FALSE,17.63
4885,FALSE,17.7
5055,FALSE,17.7
5237,FALSE,17.71
4402,FALSE,17.8
5090,FALSE,17.8
3590,FALSE,17.85
5062,FALSE,17.8999939
4401,FALSE,17.9
3600,FALSE,17.926
3579,FALSE,18
5289,FALSE,18
4746,FALSE,18.045
5076,FALSE,18.1
3869,FALSE,18.153
3585,FALSE,18.17
3596,FALSE,18.17
3582,FALSE,18.34
3593,FALSE,18.36
5079,FALSE,18.5
3584,FALSE,18.73
5067,FALSE,18.79998779
3605,FALSE,18.982
3586,FALSE,19.02
4237,FALSE,19.1
3621,FALSE,19.17
3598,FALSE,19.22
3597,FALSE,19.26
4936,FALSE,19.278
4277,FALSE,19.3
4250,FALSE,19.4
3581,FALSE,19.43
2937,FALSE,19.5
4316,FALSE,19.5
5278,FALSE,19.5
4404,FALSE,19.6
5003,FALSE,19.6
3610,FALSE,19.735
4399,FALSE,19.8
3583,FALSE,19.87
3595,FALSE,19.9
4400,FALSE,20
4899,FALSE,20
3604,FALSE,20.04
4648,FALSE,20.273
4650,FALSE,20.363
4257,FALSE,20.6
4377,FALSE,20.6
4913,FALSE,20.7
4914,FALSE,20.7
5212,FALSE,20.81
3774,FALSE,21
3747,FALSE,21.06
3609,FALSE,21.143
4700,FALSE,21.168
4883,FALSE,21.2
5063,FALSE,21.3999939
4657,FALSE,21.401
4666,FALSE,21.463
4844,FALSE,21.463
3455,FALSE,21.49
4410,FALSE,21.5
3612,FALSE,21.56
4456,FALSE,21.6
4816,FALSE,21.6
4375,FALSE,21.7
4882,FALSE,21.9
3611,FALSE,21.97
5238,FALSE,21.97
4939,FALSE,22.063
5064,FALSE,22.1
5122,FALSE,22.21
4247,FALSE,22.3
4803,FALSE,22.37
4798,FALSE,22.39
3592,FALSE,22.41
4799,FALSE,22.56
3522,FALSE,22.72
3614,FALSE,22.76
4887,FALSE,22.8
4457,FALSE,23.1
4448,FALSE,23.3
2709,FALSE,23.4
4014,FALSE,23.421
4296,FALSE,23.6
5230,FALSE,23.6
3450,FALSE,23.76
4744,FALSE,23.763
3613,FALSE,23.79
3591,FALSE,23.8
4628,FALSE,23.8
4397,FALSE,23.9
4398,FALSE,23.9
3421,FALSE,24
3739,FALSE,24
3772,FALSE,24
4396,FALSE,24
5065,FALSE,24
5287,FALSE,24
4328,FALSE,24.2
4256,FALSE,24.3
4823,FALSE,24.3
4867,FALSE,24.4
5002,FALSE,24.4
4624,FALSE,24.4
5279,FALSE,24.4
5231,FALSE,24.46
4383,FALSE,24.5
4626,FALSE,24.5
4329,FALSE,24.6
4297,FALSE,24.8
5273,FALSE,25
4308,FALSE,25.1
5180,FALSE,25.1
4710,FALSE,25.129
4711,FALSE,25.129
4278,FALSE,25.3
5236,FALSE,25.4
5257,FALSE,25.59
4235,FALSE,25.6
4258,FALSE,25.6
4865,FALSE,25.7
4817,FALSE,25.7
4771,FALSE,25.73
4772,FALSE,25.969
4391,FALSE,26
3727,FALSE,26.1
4919,FALSE,26.1
3196,FALSE,26.5
4451,FALSE,26.5
4390,FALSE,26.6
4802,FALSE,26.63
5146,FALSE,26.88
3529,FALSE,26.888
5218,FALSE,26.9
4637,FALSE,27
5066,FALSE,27.1
4238,FALSE,27.144
3620,FALSE,27.2
4629,FALSE,27.2
4325,FALSE,27.3
4931,FALSE,27.4
3623,FALSE,27.49
4318,FALSE,27.522
5207,FALSE,27.56
4466,FALSE,27.7
4891,FALSE,27.8
3624,FALSE,27.85
3766,FALSE,28
3771,FALSE,28
5294,FALSE,28
3528,FALSE,28.4
4723,FALSE,28.461
4306,FALSE,28.472
4249,FALSE,28.5
5232,FALSE,28.59
5077,FALSE,28.6
4395,FALSE,28.7
5152,FALSE,28.7
4259,FALSE,28.8
3526,FALSE,28.91
3752,FALSE,29.07
3527,FALSE,29.12
3525,FALSE,29.15
4298,FALSE,29.3
3524,FALSE,29.37
4740,FALSE,29.468
3704,FALSE,29.5
4319,FALSE,29.5
3629,FALSE,29.56
4640,FALSE,29.9
4758,FALSE,29.978
5000,FALSE,30
4641,FALSE,30
4757,FALSE,30.376
3708,FALSE,30.39
2888,FALSE,30.4
4260,FALSE,30.4
4369,FALSE,30.4
4385,FALSE,30.4
4310,FALSE,30.5
4279,FALSE,30.6
4242,FALSE,30.9
4917,FALSE,30.9
3756,FALSE,31
3191,FALSE,31.1
4243,FALSE,31.2
3626,FALSE,31.25
4461,FALSE,31.268
3628,FALSE,31.44
3625,FALSE,31.56
4384,FALSE,31.6
3523,FALSE,31.65
4326,FALSE,31.66
3627,FALSE,31.68
4679,FALSE,31.692
3721,FALSE,31.7
4244,FALSE,31.7
4265,FALSE,31.8
4879,FALSE,32
5246,FALSE,32.05
3617,FALSE,32.21
4822,FALSE,32.239
4255,FALSE,32.4
4454,FALSE,32.4
4964,FALSE,32.56
4458,FALSE,32.9
4299,FALSE,33
4644,FALSE,33
4261,FALSE,33.5
4271,FALSE,33.5
3618,FALSE,33.61
4760,FALSE,33.67
4262,FALSE,33.8
4459,FALSE,34.2
4749,FALSE,34.219
4280,FALSE,34.3
4288,FALSE,34.4
4291,FALSE,34.5
4460,FALSE,34.8
4372,FALSE,34.9
3705,FALSE,34.93
3446,FALSE,35.02
5074,FALSE,35.09997559
3319,FALSE,35.1
4999,FALSE,35.188
5118,FALSE,35.22
4313,FALSE,35.4
3324,FALSE,35.6
5124,FALSE,35.63
3706,FALSE,35.66
4312,FALSE,35.7
5176,FALSE,35.7
5014,FALSE,35.734
4305,FALSE,36
5070,FALSE,36
4389,FALSE,36.1
4773,FALSE,36.4
5010,FALSE,36.6
5111,FALSE,36.73
4443,FALSE,37.1
4761,FALSE,37.23
5006,FALSE,37.346
4630,FALSE,37.4
3326,FALSE,37.7
4340,FALSE,37.7
4283,FALSE,37.9
4300,FALSE,37.9
4324,FALSE,38.183
4330,FALSE,38.6
3753,FALSE,39
3770,FALSE,39
4909,FALSE,39.1
4286,FALSE,39.2
3712,FALSE,39.28
2891,FALSE,39.5
5281,FALSE,39.6
5121,FALSE,39.66
4408,FALSE,39.8
4697,FALSE,39.9334
4382,FALSE,40.1
4845,FALSE,40.579
4266,FALSE,40.7
4450,FALSE,40.9
3769,FALSE,41
3725,FALSE,41.1
4344,FALSE,41.1
4301,FALSE,41.3
4254,FALSE,41.8
3313,FALSE,42.3
5120,FALSE,42.49
4315,FALSE,42.71
4334,FALSE,42.831
4660,FALSE,42.925
4929,FALSE,43.1
4269,FALSE,43.3
4272,FALSE,43.3
3748,FALSE,43.4
4370,FALSE,43.6
4900,FALSE,43.9
4892,FALSE,44.1
4643,FALSE,44.3
4453,FALSE,44.4
4293,FALSE,44.827
4236,FALSE,44.9
5322,FALSE,44.9
4281,FALSE,45.1
3728,FALSE,45.2
4664,FALSE,45.269
4241,FALSE,45.6
4251,FALSE,45.8
5315,FALSE,46
4770,FALSE,46.156
3709,FALSE,46.31
4289,FALSE,46.4
4320,FALSE,46.567
4311,FALSE,46.8
4282,FALSE,46.9
4273,FALSE,47.1
4331,FALSE,47.9
3760,FALSE,48
4245,FALSE,48.4
5056,FALSE,48.5
4388,FALSE,48.6
4252,FALSE,48.811
5022,FALSE,48.9
5011,FALSE,49.1
4284,FALSE,49.3
5321,FALSE,49.3
4812,FALSE,49.723
2954,FALSE,49.8
4462,FALSE,50
5075,FALSE,50.3
4314,FALSE,50.4
5266,FALSE,50.76
4321,FALSE,51
5018,FALSE,51.27
4327,FALSE,51.444
4962,FALSE,51.71
4294,FALSE,52.1
4333,FALSE,52.1
5154,FALSE,52.4
4264,FALSE,52.7
4463,FALSE,52.9
4673,FALSE,52.966
5015,FALSE,53.1
4967,FALSE,53.6
5305,FALSE,53.76
3316,FALSE,53.8
4467,FALSE,53.8
4973,FALSE,54.3
5224,FALSE,54.58
5185,FALSE,55.16
5292,FALSE,55.3
4322,FALSE,55.6
3723,FALSE,56.2
5110,FALSE,56.3
4374,FALSE,56.4
4246,FALSE,56.5
4287,FALSE,56.7
4762,FALSE,56.87
4966,FALSE,56.9
4446,FALSE,58.4
4239,FALSE,58.6
4449,FALSE,58.8
5113,FALSE,58.86
3452,FALSE,59.14
4248,FALSE,59.5
3323,FALSE,59.6
4263,FALSE,59.8
5021,FALSE,60.1
4274,FALSE,60.445
3320,FALSE,60.5
5285,FALSE,61
4649,FALSE,61.407
4764,FALSE,61.5
4270,FALSE,61.7
4332,FALSE,61.8
2951,FALSE,61.9
3428,FALSE,61.9
3325,FALSE,62.9
5312,FALSE,63
3729,FALSE,63.4
5115,FALSE,63.86
5320,FALSE,64
3318,FALSE,64.1
4302,FALSE,64.1
3722,FALSE,64.2
4763,FALSE,64.2
5054,FALSE,64.8
3310,FALSE,65.7
4361,FALSE,65.9
5148,FALSE,66.95
4304,FALSE,67.526
3189,FALSE,68.8
3713,FALSE,69.19
5149,FALSE,69.57
4267,FALSE,69.7
3451,FALSE,69.93
4759,FALSE,71.7
3312,FALSE,72.3
4871,FALSE,72.4
5116,FALSE,73.15
5323,FALSE,73.5
3311,FALSE,73.8
4464,FALSE,74.4
5225,FALSE,74.48
4702,FALSE,75.092
4703,FALSE,75.092
4963,FALSE,77.91
3445,FALSE,78.66
3726,FALSE,78.9
3309,FALSE,80
3707,FALSE,81.03
3170,FALSE,82
3701,FALSE,82
5243,FALSE,83.58
3169,FALSE,83.7
4307,FALSE,83.9
3754,FALSE,86
5112,FALSE,86.94
5302,FALSE,87.59
4468,FALSE,87.8
4292,FALSE,88.521
5316,FALSE,89
5318,FALSE,89
3314,FALSE,89.4
3435,FALSE,89.5
4303,FALSE,90
3698,FALSE,90.51
5262,FALSE,90.56
3711,FALSE,90.66
3757,FALSE,94
4766,FALSE,94
5317,FALSE,94
5304,FALSE,94.42
4825,FALSE,94.8
3420,FALSE,97.8
5244,FALSE,99.38
3700,FALSE,99.78
4811,FALSE,100
3702,FALSE,100.04
3699,FALSE,100.59
4268,FALSE,103
4285,FALSE,104.945
3724,FALSE,105
5303,FALSE,105.78
3714,FALSE,108.96
4961,FALSE,109.13
5147,FALSE,109.13
3322,FALSE,110
3764,FALSE,110
4323,FALSE,110
4767,FALSE,110
5114,FALSE,112.07
3448,FALSE,114.07
3716,FALSE,114.76
4447,FALSE,114.996
5245,FALSE,116.27
4317,FALSE,117.295
4960,FALSE,117.644
3710,FALSE,120.26
5155,FALSE,124
2932,FALSE,125
3449,FALSE,125.84
3447,FALSE,134.66
3715,FALSE,134.94
3454,FALSE,135.43
5258,FALSE,135.56
3186,FALSE,137
3187,FALSE,141
4253,FALSE,145
5288,FALSE,145
5119,FALSE,154
4290,FALSE,155
3430,FALSE,162
4444,FALSE,167
4765,FALSE,170
3423,FALSE,183
3179,FALSE,189
3755,FALSE,195
3440,FALSE,200
3193,FALSE,202
3194,FALSE,204
3321,FALSE,205
3436,FALSE,213
3177,FALSE,214
5260,FALSE,215
3777,FALSE,217.6
3431,FALSE,227
4768,FALSE,240
5226,FALSE,259.51
5107,FALSE,266.79
3183,FALSE,283
3433,FALSE,287
3439,FALSE,308
3175,FALSE,316
3317,FALSE,339
3184,FALSE,358
5153,FALSE,360
3758,FALSE,400
5313,FALSE,467
5314,FALSE,484
3188,FALSE,601
3432,FALSE,617
5052,FALSE,807
3763,FALSE,810
3171,FALSE,830
3759,FALSE,830
3172,FALSE,852
5051,FALSE,856
3762,FALSE,860
4775,FALSE,954
3190,FALSE,1130
3426,FALSE,1350
3195,FALSE,2220
3182,FALSE,2630
3422,FALSE,2750
3442,FALSE,6790
3181,FALSE,9060
3434,FALSE,10200
3443,FALSE,21000
